run,f1_assignee_is_commiter,f2_timedif_issuecreation_and_commitcreation,f3_timedif_issueupdated_and_commitcreation,f4_timedif_issueresolved_and_commitcreation,f5_total_terms_jira,f6_total_terms_svn,f7_unique_terms_jira,f8_unique_terms_svn,f9_overlap_terms_compared_to_jira,f10_overlap_terms_to_svn,f11_overlap_terms_to_union,f12_ir_log_and_summary_log_as_query,f13_ir_log_and_summary_summary_as_query,f14_ir_log_and_description_log_as_query,f15_ir_log_and_description_description_as_query,f16_ir_log_and_jira_all_log_as_query,f17_ir_log_and_jira_all_jira_all_as_query,f18_ir_unitname_and_summary_unitname_as_query,f19_ir_unitname_and_summary_summary_as_query,f20_ir_unitname_and_description_unitname_as_query,f21_ir_unitname_and_description_description_as_query,f22_ir_unitname_and_jira_all_unitname_as_query,f23_ir_unitname_and_jira_all_jira_all_as_query,f24_ir_svn_all_and_summary_svn_all_as_query,f25_ir_svn_all_and_summary_summary_as_query,f26_ir_svn_all_and_description_svn_all_as_query,f27_ir_svn_all_and_description_description_as_query,f28_ir_svn_all_and_jira_all_svn_all_as_query,f29_ir_svn_all_and_jira_all_jira_all_as_query,f30_avgidf_svn_all_as_query,f31_maxidf_svn_all_as_query,f32_devidf_svn_all_as_query,f33_avgidf_log_as_query,f34_maxidf_log_as_query,f35_devidf_log_as_query,f36_avgidf_unitname_as_query,f37_maxidf_unitname_as_query,f38_devidf_unitname_as_query,f39_avgidf_jira_all_as_query,f40_maxidf_jira_all_as_query,f41_devidf_jira_all_as_query,f42_avgidf_jira_summary_as_query,f43_maxidf_jira_summary_as_query,f44_devidf_jira_summary_as_query,f45_avgidf_jira_description_as_query,f46_maxidf_jira_description_as_query,f47_devidf_jira_description_as_query,f48_avgictf_svn_all_as_query,f49_maxictf_svn_all_as_query,f50_devictf_svn_all_as_query,f51_avgictf_svn_log_as_query,f52_maxictf_svn_log_as_query,f53_devictf_svn_log_as_query,f54_avgictf_svn_unitname_as_query,f55_maxictf_svn_unitname_as_query,f56_devictf_svn_unitname_as_query,f57_avgictf_jira_all_as_query,f58_maxictf_jira_all_as_query,f59_devictf_jira_all_as_query,f60_avgictf_jira_summary_as_query,f61_maxictf_jira_summary_as_query,f62_devictf_jira_summary_as_query,f63_avgictf_jira_description_as_query,f64_maxictf_jira_description_as_query,f65_devictf_jira_description_as_query,f66_avgentropy_svn_all_as_query,f67_medentropy_svn_all_as_query,f68_maxentropy_svn_all_as_query,f69_deventropy_svn_all_as_query,f70_avgentropy_svn_log_as_query,f71_medentropy_svn_log_as_query,f72_maxentropy_svn_log_as_query,f73_deventropy_svn_log_as_query,f74_avgentropy_svn_unitname_as_query,f75_medentropy_svn_unitname_as_query,f76_maxentropy_svn_unitname_as_query,f77_deventropy_svn_unitname_as_query,f78_avgentropy_jira_all_as_query,f79_medentropy_jira_all_as_query,f80_maxentropy_jira_all_as_query,f81_deventropy_jira_all_as_query,f82_avgentropy_jira_summary_as_query,f83_medentropy_jira_summary_as_query,f84_maxentropy_jira_summary_as_query,f85_deventropy_jira_summary_as_query,f86_avgentropy_jira_description_as_query,f87_medentropy_jira_description_as_query,f88_maxentropy_jira_description_as_query,f89_deventropy_jira_description_as_query,f90_queryscope_svn_all_as_query,f91_queryscope_svn_log_as_query,f92_queryscope_svn_unitname_as_query,f93_queryscope_jira_all_as_query,f94_queryscope_jira_summary_as_query,f95_queryscope_jira_description_as_query,f96_scs_svn_all_as_query,f97_scs_svn_log_as_query,f98_scs_svn_unitname_as_query,f99_scs_jira_all_as_query,f100_scs_jira_summary_as_query,f101_scs_jira_description_as_query,f102_SvnAsQuery_avgSCQ,f103_SvnAsQuery_maxSCQ,f104_SvnAsQuery_sumSCQ,f105_avgscq_svn_log_as_query,f106_maxscq_svn_log_as_query,f107_sumscq_svn_log_as_query,f108_avgscq_svn_unitname_as_query,f109_maxscq_svn_unitname_as_query,f110_sumscq_svn_unitname_as_query,f111_avgscq_jira_all_as_query,f112_maxscq_jira_all_as_query,f113_sumscq_jira_all_as_query,f114_avgscq_jira_summary_as_query,f115_maxscq_jira_summary_as_query,f116_sumscq_jira_summary_as_query,f117_avgscq_jira_description_as_query,f118_maxscq_jira_description_as_query,f119_sumscq_jira_description_as_query,f120_avgpmi_svn_all_as_query,f121_maxpmi_svn_all_as_query,f122_avgpmi_svn_log_as_query,f123_maxpmi_svn_log_as_query,f124_avgpmi_svn_unitname_as_query,f125_maxpmi_svn_unitname_as_query,f126_avgpmi_jira_all_as_query,f127_maxpmi_jira_all_as_query,f128_avgpmi_jira_summary_as_query,f129_maxpmi_jira_summary_as_query,f130_avgpmi_jira_description_as_query,f131_maxpmi_jira_description_as_query
1,0.0773123563981631,0.018076692245226768,0.10281161179854653,0.15151863486333952,0.0064716152224576886,0.003001943628855347,0.006135005293358705,0.0031892102490976566,0.0028330272395351904,0.006135459901285357,0.0033584462852755694,0.02475320515951215,0.04933307580195882,0.0028285105662569144,0.016642195337146923,0.03004915973768044,0.018684119508567437,0.00582844344055821,0.0029474544361151713,0.0036051341534705057,0.0030173793083023465,0.006986964585582562,0.004900128693911585,0.012403701455217788,0.008549131133483323,0.023688358856163893,0.005307612000926661,0.014607726690017801,0.01792954461339389,0.002371865816347117,0.005692765274259041,0.0028829027488824653,0.003012866055076014,0.003576199667558818,0.00258503808165454,0.0031922221111328215,0.002907227233938773,0.0027765928930925604,0.0037891792086436112,0.0027906719780054017,0.005213422249340647,0.005376678085139189,0.0007124371046922291,0.004031824952134805,0.003337625624386942,0.0007858991012196037,0.004582899006395946,0.0,0.0,0.0,0.002799575774660693,0.0034669456425399058,0.0026076845039764486,0.0017092677752728195,0.002221934908940666,0.0031574882248347146,0.006039387914058741,0.003784165541834649,0.006205131897174642,0.0038179028012944654,0.004011723213728083,0.0035506730775686497,0.010119584578153852,0.004439491490113064,0.004816349344381163,0.002720530943505074,0.002754467222727604,0.002781696804781541,0.002976981328778527,0.002936949599519722,0.003014460448520826,0.006264674965250691,0.0035115684668149123,0.003008199788959986,0.002822748433271469,0.002031356499932284,0.002207225424333285,0.0041136916178698465,0.005032517810672306,0.0026060370735476544,0.003873462194599376,0.0040340652506986275,0.004692896814049688,0.001991280001553725,0.0030599645522552217,0.0034535374397961886,0.004303158123106586,0.0029931970039024317,0.004916111359391693,0.004698458170384781,0.006726218661367452,0.002950899885515994,0.004586593849429697,0.003800670656813639,0.004751002038250694,0.003170364405609161,0.0035273810965184963,0.0021786500211836376,0.004168712574338535,0.005932391914495269,0.004406520333539252,0.0020063159438559004,0.002559882477835673,0.0019752324638088684,0.0038050341058602642,0.003219838963518804,0.0036236691030688347,0.001668871758617564,0.0019017656124406912,0.0018284833511801426,0.007957274937189066,0.004682674305818575,0.009825274102144111,0.004165768600697203,0.008104948391705185,0.004092519840485836,0.008022075691241044,0.003978217186802534,0.005044169316602136,0.002717344163847754,0.004101769776746192,0.002893662569699485,0.0038426209368457643,0.0018303164926082535,0.0019182486656189558,0.003555333281612805,0.0015399869295779358,0.004335345362073086,0.0018794504394604229,0.00381142755097225,0.0008423624189377884
2,0.07618244256027333,0.021091777173611232,0.11058120333257744,0.11815553536649151,0.005918729441975463,0.002448190232713582,0.009462909155678817,0.0025957399590975008,0.0045310267941153235,0.004283059786503559,0.0038114683000728795,0.034220820112329284,0.0371041944185654,0.0019054010405551419,0.026515921667781585,0.03264598308016503,0.018676553782272166,0.004763738965290089,0.0026718713092833846,0.0031143033508380783,0.003126231503713138,0.007869766055581486,0.005291491805584522,0.011794349150357,0.011808764114955649,0.011259032850708402,0.0058613333704662695,0.018710667592887045,0.0179711050061334,0.0034159214895647457,0.00565285026586423,0.002267285992480072,0.00327210213100595,0.00545001043029505,0.002153369858793724,0.0034815515024669372,0.0026790276754135906,0.0028113818528940388,0.005425687816435764,0.00235201629587082,0.003702700135182234,0.005091836716425815,0.0009053476967088467,0.003715806557559086,0.005293984730664781,0.0007822156660628018,0.004584983200916095,0.0,0.0,0.0,0.0038005999836085457,0.004444990830145628,0.0026640569115729466,0.0018503685463424572,0.0028015795352605683,0.0026552573897340526,0.005085389773872484,0.0029130047063211932,0.0053370536669681105,0.004591408166776542,0.0027503215195287577,0.0035778290561504066,0.010025939431957811,0.00375467552948552,0.0037517257939992826,0.00373258380482026,0.0031894918283978616,0.0039672878823127904,0.0029940601766183196,0.0034711109792468636,0.003402446593690868,0.00513655063836782,0.0037935895787643776,0.0029089461803271676,0.002867032863870251,0.0021794549670942627,0.0026255673137290836,0.0036217774262050375,0.004889144603569875,0.003566958723907443,0.004122429446816486,0.003919790328551224,0.005428492859631059,0.0018628998883952854,0.002765960856937984,0.0036626167214278598,0.00411867231035569,0.0036326626690430207,0.003894666104968751,0.0049802064042268005,0.006684644352757699,0.002512410153933954,0.005885109900795847,0.0039533132619526705,0.005874755398766621,0.0027661049384854627,0.0037797097394803025,0.002475824916154269,0.00550924908907208,0.0073769119890623016,0.005424020347068896,0.002557013394631479,0.0022352512503539183,0.002343510596819512,0.004546077260668443,0.0034026399161386574,0.004921285050499451,0.0019073841605746786,0.0022145159801570313,0.0016509870714950495,0.010100290664564653,0.004543325269587883,0.010577990148221724,0.004914249202038702,0.007464686494164583,0.003813744973938585,0.005389690242469219,0.0035944707693792255,0.007540557695703899,0.002946330361831094,0.004537899893701965,0.003170716697737635,0.004797364858609988,0.0016674122103676856,0.0014643547640460957,0.0036986932545638746,0.0018177870518050572,0.003588950879267603,0.002373753330469339,0.004534846817139519,0.0012918723633403744
3,0.10141845956044446,0.015054165549711472,0.12431367926400273,0.11980252248508037,0.005169247898973089,0.0032581222063823257,0.008422490281398375,0.003023205804614029,0.0036052196853482645,0.007671396221818354,0.003057496895216694,0.028492814035407727,0.02911258080838949,0.0023057350540104777,0.02181995542472653,0.031118226436327997,0.022160574517483333,0.005305906491758499,0.0023079629030958683,0.003636067679541783,0.0027410251524649363,0.00639543283962067,0.007206908989365029,0.014098559682626093,0.005515141982858519,0.011268971606984915,0.012024353251062223,0.016272679408718235,0.01387705890036762,0.0032172522757849204,0.004975974035428231,0.002285901750678184,0.0030278267259204964,0.003404732378175977,0.002714574462706785,0.003370958351887603,0.0031942816236970144,0.0029539569160722747,0.003340808445394973,0.001312020573238878,0.0028140839844979864,0.004355849072861547,0.0005886536729804415,0.003888530542464191,0.004039757731108226,0.000795326607208314,0.00521798646352864,0.0,0.0,0.0,0.0040005984226830745,0.0043462160697002004,0.0028997303510994725,0.0019081801734209683,0.002416006597499973,0.0021071178141777334,0.0068746904815795255,0.00451092910555981,0.0055526303895737416,0.005118188655385337,0.0026854778989717897,0.003833900062701549,0.009435245691228292,0.00379650837477355,0.004187633442435627,0.003938257575815423,0.0030285549177318867,0.003410326284007718,0.0027651403848214908,0.0030880085206291424,0.003301882546128028,0.006317752139191948,0.0030818227173806372,0.002289460540024067,0.0023990028735764407,0.0015985800271843104,0.002512430486191696,0.003800963874920751,0.0063181732078615264,0.00285259016712847,0.003967387865544905,0.003973802382142739,0.003982672633323148,0.0017050796711906388,0.0036769194626107295,0.0036660460093353,0.0042827471773764555,0.0038501166974424256,0.0038387792276485073,0.004175648094739127,0.007642134713139542,0.0025273270774827748,0.0044443033671367925,0.0033834338112738627,0.003474126390044644,0.00392231285002308,0.0036998805157476976,0.001827677937689052,0.004126791132762677,0.0064359937172665796,0.0046699284466384175,0.0026881701114527925,0.0021196197473389014,0.002470567173951151,0.0037515709988148165,0.0036422891180008573,0.00400395696545348,0.001888178977433089,0.0022358956661101366,0.001801835637227196,0.011560279374026528,0.004361138808500114,0.009626763595016878,0.004107525928201678,0.00809099728632019,0.005266434028525772,0.00660634212813896,0.0031943369217407903,0.006789134927655841,0.0024413182699958196,0.004359299131436298,0.0028248821931786228,0.0037061822803923696,0.00196990947929237,0.0020401266386009657,0.003004458417758845,0.0016890481556638523,0.0035142818272317824,0.00226801848809737,0.003182247925442082,0.0011916441936224253
4,0.09529310601509391,0.017571611424771295,0.09738732460555949,0.11680206165651999,0.005844513972369437,0.003501996841432636,0.009240741910541217,0.0030899778392616487,0.004089109599650053,0.007831965185042592,0.0031868343049402314,0.03451958104481952,0.044809343174263785,0.002033943244153734,0.028391403170206837,0.03847955498864095,0.03500136122413647,0.006274716462668097,0.003327260055850962,0.0034996694527786375,0.002283823715783857,0.006796453974858829,0.006236587152471274,0.014069663827512579,0.0066451964122647865,0.009589459284907783,0.0045405615572017945,0.020830330669980815,0.011086179064120048,0.0030166675158502508,0.00706274643501629,0.0024974714648639904,0.003013333948397142,0.007972624722181508,0.002157532889785506,0.002641584096984027,0.0017220921145750913,0.00227964791926536,0.004257248878246365,0.0018207095071927756,0.003607544930359617,0.004633362700821966,0.0007232980217272453,0.0033593551611146677,0.003453084868759272,0.0004867873243122811,0.00394584179948534,0.0,0.0,0.0,0.0039214447155568825,0.004866063828100575,0.0026448227476707498,0.001663284340052816,0.0020139946751157193,0.0020354099517301575,0.004779273415930132,0.0037667672008359215,0.005514263772531034,0.003879939144323677,0.003955718608465189,0.004291813911322025,0.007537020658749294,0.002684096058336787,0.0044079875241335486,0.0031147645675361083,0.0030952202527453295,0.0023908647185043905,0.002902344799905027,0.003378508809905638,0.003373534703821794,0.005350892802186024,0.003764331698790773,0.002405329547243929,0.002478236463405409,0.0015038592356632777,0.0019039995730694623,0.002870057484593109,0.004600922939788864,0.0026547039860419707,0.0037608362142529652,0.004044135256990396,0.004423225396058134,0.002611925299992168,0.002981896072102804,0.003010265099953593,0.0036005184424835407,0.002735764349413357,0.004092719598358478,0.004669534463203267,0.006318185929074882,0.0019775020217055036,0.006647683756579362,0.004154402556437261,0.005360522373533406,0.0033290996767810764,0.004188840676254317,0.001399260246614738,0.004617245463130813,0.008405030241614646,0.003906616524216406,0.0018526111793899039,0.0023834558674163567,0.0019422658962689227,0.00394141801444835,0.003301839423879843,0.004795494773413835,0.0015411964432654926,0.0018590726974077305,0.001646997143678317,0.008588687880866582,0.004272281388009615,0.006981890095841607,0.004307465214372429,0.00845615749187405,0.004719285794390111,0.005297418900067349,0.003983589832293613,0.006385414679176798,0.0023665608784924097,0.004338501277524282,0.002954110088343382,0.0029583954537823723,0.001516299113410291,0.001661225455287925,0.004440805195485338,0.002127318248434937,0.004085071734795739,0.0014522139883611906,0.003920652982909269,0.001032354941563434
5,0.07990587325363621,0.017245789686851264,0.1335358464317437,0.12876366354629462,0.007329942448491017,0.003058295865843043,0.008189880257539675,0.0030567001285608164,0.002757332679941349,0.009926083523804438,0.002768910006348774,0.039895446424186715,0.026912633877509275,0.0023252171666086822,0.023289440190682662,0.028315947930138936,0.024335559964218306,0.004948500641112107,0.002847263125810675,0.004341828145544943,0.0028651202440511045,0.006868236615751613,0.003911981189799435,0.010977242819886133,0.014766180678268034,0.009860353851211374,0.004837744006283314,0.01776992755152275,0.012260868711940537,0.0027585660381419723,0.004315427905475223,0.00231214945383466,0.002567812101835743,0.00550692467834981,0.002527061762410491,0.0023068498365379267,0.002737036507187305,0.002479001019517399,0.004790275856157735,0.002410626984201555,0.004963887814117311,0.005135613557978395,0.0008582967213748219,0.004050640578874814,0.004058080544620609,0.0005115253446713512,0.004391990566912884,0.0,0.0,0.0,0.003123775818354265,0.0037365928406705106,0.00273100767944567,0.0012028672744570869,0.001970684977080464,0.002038037419725199,0.0069745793654952416,0.004428394748259815,0.0053217506260551115,0.004102781015003175,0.0028080892955099,0.004011524277496993,0.0106406846090634,0.0024713665319537953,0.004691737233138418,0.0024941324681202253,0.0034771351975571877,0.002792963255217141,0.00294717203431078,0.0034754713282148567,0.002969512724086306,0.007170951266369639,0.004395633239658658,0.002687560997541626,0.0021642851092093713,0.0016878977140697543,0.0022966351002911673,0.003463619887699355,0.005808147918612993,0.0032151442094473658,0.0039956516554468776,0.0033340380519582213,0.004856537117861509,0.00275364113723391,0.0028147578147548085,0.003137805895148166,0.003755848749992374,0.002156130640936057,0.00363854503004772,0.004426113064487699,0.005812043712992051,0.0026712628364946064,0.004237679448227851,0.0033000182117461285,0.0037664311348089333,0.002724370830810869,0.003314011885627986,0.002015588649000205,0.00423094222136747,0.00796165660662745,0.0048885087135619515,0.00187921514005263,0.002450978388116275,0.0024481029600576846,0.0029699084501321332,0.0029579965719408,0.0033888359491640644,0.0016351282216963694,0.0021812794073035194,0.0021596043821937258,0.006907403904433957,0.005473075805202491,0.00759386330803168,0.004926520398844233,0.009138125356598026,0.005144680571261884,0.007612954634986855,0.0037249932019481234,0.003333555239925463,0.0020603699600096107,0.0059278767159283395,0.002732534444644352,0.004585019123899385,0.002097203813253236,0.002188925769539357,0.0038809581868051567,0.0022429071445400186,0.003906888664860459,0.0019715418577523416,0.0038994919515723775,0.000938762668275786
6,0.08963640628608455,0.01790828742493691,0.0962491463323814,0.12438166052325235,0.008452098188726477,0.003961927895228384,0.010690468225302476,0.002465198980900272,0.00451407245321062,0.010994814701534109,0.002841637400339966,0.03866830221893049,0.04160281876291115,0.0021993692113670186,0.04017393574692273,0.021679985386720738,0.020366786746208742,0.004706115673679614,0.004002757993753306,0.004058580940455179,0.001857460451805346,0.0052581704534430795,0.004183402308432232,0.012933640702968981,0.009025041172803075,0.015106483401999823,0.005977328080614443,0.01716355341266194,0.017523278200300158,0.0032794990610511424,0.004507049672273083,0.0017966260989918004,0.0034125711318640393,0.005446149993570394,0.0024605437000598668,0.003068005105170403,0.0023252375306862983,0.002249197439587942,0.004068424874886971,0.002370740327974207,0.0039100496556778545,0.005069994523217192,0.00036902587630878523,0.0033404823120242047,0.004152181168771601,0.0011392912697058997,0.004661645505322739,0.0,0.0,0.0,0.003955478148206024,0.0030828224799288703,0.002488672413983244,0.002088417907062968,0.0017409947421477285,0.00248789675649514,0.004833303299708861,0.003946141340599218,0.006736331498114584,0.004733965436751108,0.0033849190968043997,0.003724111783579592,0.008040644670588758,0.00396965725976138,0.005032754241482094,0.003326626385366092,0.0031636298245349497,0.002867847011630539,0.003400286542795108,0.0028229399014345845,0.0027254816639119646,0.0055136902520518845,0.0029568507652403,0.002247528427854144,0.002139719873220134,0.0023367534173245807,0.0026597444810108335,0.004208677228677723,0.0047824983666209875,0.003425540542311058,0.005516603219364064,0.002887103313566409,0.004155942556790871,0.0017668507919920127,0.0031819621014808294,0.003387973923997898,0.003911696779310205,0.0024669528137608986,0.004277912927310938,0.0041799833374365,0.007175763046312942,0.002339915744735198,0.0038500624206062495,0.0036694532627783273,0.004285979322486759,0.002855743359657422,0.0037665997452398384,0.0017533856172499138,0.005804785223575323,0.006263577724798488,0.0030302710296900605,0.0023541271884451763,0.00221815095434746,0.0027248867119811057,0.004696180657406965,0.003169958613302926,0.005043653130871274,0.0018233935923103763,0.0017446442376695284,0.0017635559474409772,0.006563393593560879,0.005635727702725079,0.011152020503383292,0.004866647942162424,0.007373530758141544,0.004212583006646109,0.006453690959968684,0.004540107351449457,0.006176586859140921,0.0027392720752518677,0.0041711622775717945,0.002694189900601176,0.004619888051978166,0.001671198366033649,0.001723546710985376,0.003024357761595196,0.001804675572423045,0.0030121019341889646,0.0018728804172364504,0.0031933579489408772,0.0013986407258794987
7,0.06391211703500654,0.01403259235132893,0.1464913789762812,0.12157191660621681,0.005436106607351706,0.0031680003825374082,0.008036029870558051,0.002931299408780986,0.003197901749489253,0.01054274292805734,0.0027766389591411373,0.035032906024913386,0.02862465605600968,0.0018116345365934866,0.029152690110440957,0.020454596340121024,0.029515647243474982,0.006091438714860936,0.0038396042039602935,0.003182792690635969,0.0032670759723621022,0.007172629954140056,0.005203775302875563,0.0147332899302482,0.008006043246172856,0.01265624087174295,0.007358417250653072,0.01685092915334441,0.015704723598949998,0.0027876779232861924,0.006648527510024428,0.0021790871148462455,0.0030889716907329732,0.0048787585131875874,0.0030000748519627184,0.002962284274131983,0.0030262043197952053,0.002287551682114552,0.003484967710312752,0.0023924884986394348,0.004820002345405072,0.00616326143614537,0.0005962322242881874,0.004878248533600661,0.0037382289590899703,0.00086940407101116,0.004400502805914484,0.0,0.0,0.0,0.0036625434302096495,0.0033033032314930587,0.002673592573496814,0.0017248641610398028,0.002712685647531854,0.0030712407004832186,0.006917887907495722,0.003574433185040155,0.004880810032364568,0.004866538134996228,0.0032349413831510025,0.004083150633247731,0.007976363056496136,0.0034610835301333116,0.004987077979673595,0.0023675935728291486,0.004060789491436189,0.0028043543267798916,0.0026664851024526797,0.0035377244611014937,0.003190979904728277,0.006838786134796766,0.0032170121979717054,0.0023257424332743825,0.002858349888510309,0.0025356923873091396,0.002332116557918236,0.0034567245134781467,0.005170134022257812,0.0033589197820479517,0.004200968452983407,0.003609688689199432,0.0051820491068522625,0.0022190801876604584,0.003746082738842813,0.004073817663706206,0.003064664598101943,0.002731981521356694,0.0039126671596136945,0.004079492464513841,0.006899191921697999,0.0027120959621273954,0.00437676503094347,0.0032773973553215092,0.0030331568398681143,0.003506297801529162,0.004190083575749548,0.0015951028884114559,0.004139882337336707,0.005730023534289943,0.004636286823171676,0.0023707918853290376,0.0023918857639836813,0.0022602230287090464,0.005391893789065521,0.0034560542147368863,0.003941240641051789,0.001803475428994856,0.0021205861405870024,0.001865376512596572,0.005695077923792912,0.005070592722723748,0.008331893695387612,0.0033190807499928043,0.007152686369814648,0.004275496674150649,0.006176027575896038,0.004098485605459198,0.009966784626257236,0.002587465638882158,0.004494986027339791,0.003011048041096759,0.0032427662416786834,0.0018103882351478732,0.002209435440062508,0.0037544622418943857,0.0011614343769343588,0.004156904769182737,0.002353479732756682,0.0032009614601143225,0.0026020268886195463
8,0.08523259015077417,0.01347192132369827,0.1203877542810867,0.11456575021088676,0.004027051279768144,0.0033820551768651915,0.008929829274133745,0.0037726418913368444,0.0023578950362180113,0.005957183346604802,0.0035993117905684323,0.047101333600625184,0.03311442021340338,0.00247229563720492,0.02035739207649683,0.0253899289133956,0.028926653204445846,0.0061126261472321365,0.0023925884887298593,0.0058205265206332105,0.0035372350179691116,0.008142654029555906,0.004286604409099371,0.012657256659167351,0.007391580455022449,0.011191249386815642,0.007579053196143762,0.022956669397848593,0.01887637996036438,0.00292631764900459,0.005955047149819038,0.0018640813624708555,0.002980909525510062,0.004667960164771176,0.0025953047168834394,0.003892458435962745,0.0021439234601446076,0.003186643281294839,0.004287153406482003,0.0026853453904676257,0.004173740140123804,0.005566711036207191,0.0003878396730735217,0.0035247286119230777,0.003481652526855426,0.0006493929595726605,0.003925688757085905,0.0,0.0,0.0,0.0038542393295132936,0.0030087899454602956,0.002909608368192826,0.002283210511569164,0.0020765501061799276,0.0020670368240941995,0.006515898034594922,0.0028718411235000244,0.004714281587470239,0.0042816473181475625,0.0022972640241054406,0.0036615388352321658,0.007859345457438695,0.0033132246375548323,0.0051176732232820835,0.0028047852895856156,0.0030875854243601875,0.002325809207146989,0.0031371763360174888,0.003993954632589784,0.0029026295411758336,0.0059799125551295955,0.0034028827935621863,0.002818229262413636,0.0030861931881036257,0.0017619495649887468,0.002535158739917498,0.002950392054667763,0.004524339657413875,0.002354922376621847,0.0036210338661339008,0.0031215135200984147,0.005492036878346044,0.001984807556410563,0.0032697627170418164,0.0027786413261793445,0.0036085241083812815,0.0030744814480775824,0.004129047208850658,0.004644181664466592,0.00649174709262363,0.003391148544298464,0.005492409686033921,0.00426261576121996,0.0046087629978539815,0.003404763251137226,0.0035254985233413934,0.0014780349156254542,0.0043202770535119735,0.006910963469113022,0.005412006765515608,0.002154908683241344,0.0024377714121429,0.0020654106503500127,0.0035163602656611286,0.002931454651732453,0.0032125300951664354,0.0019715135398565313,0.002677609552830339,0.0018237639244540874,0.007717612595890179,0.006715112905453675,0.008689139712721582,0.005061415453626911,0.006147275460900584,0.004699241263678765,0.006877915156386455,0.004754917330305447,0.0068466384401456885,0.0026017645951147616,0.004218623473136552,0.0027872204933167334,0.004125130551651149,0.001865698850065064,0.0016471428642078634,0.004908368258491757,0.002595127844926727,0.004845606186937296,0.001711162825131706,0.004255883475366027,0.0017320218590715377
9,0.08815082461533895,0.015973647635047074,0.10447339251684115,0.1245550477536756,0.005084057419444462,0.003436056063946211,0.007684352238096975,0.0025207195187137003,0.00256722748241544,0.01094914629389428,0.004294770252936132,0.03561446602727263,0.030634275819575188,0.002258353094171813,0.018155926062958287,0.029555630500214484,0.029051358964022275,0.005938869314152045,0.0031344656114231876,0.005317985600536909,0.0023920907475647314,0.006207576889749347,0.0036566725516553188,0.014218129798036976,0.010659420540100458,0.012819706256886628,0.007576093866232497,0.020314049300665233,0.011998872315359175,0.0031202523898566543,0.004645829461931284,0.0027041259231286863,0.0029865854230189666,0.004566873751904278,0.0025268655443388393,0.0026380957669039037,0.0027529326569458675,0.0025675465354033982,0.004030926184904782,0.0014964387557002139,0.005370186614288294,0.004509515305990671,0.0004369751624110998,0.0034289122430883447,0.004300859698251669,0.001580287344154768,0.004536384210555385,0.0,0.0,0.0,0.0036449052956429766,0.00388078705765522,0.0032359233864225133,0.001668554658174367,0.001931720176453253,0.0022734234338711787,0.006861505708164709,0.004048345896709647,0.004508631266991906,0.005066840029557272,0.002720836256164197,0.003513412544107019,0.015219927837302286,0.003415302618737026,0.0038123276376351442,0.003243567805331479,0.0034364581411344243,0.002550961182038173,0.003867028956646968,0.004194728953387095,0.003002830446280956,0.006111285475634583,0.003214405776398267,0.002606813115465413,0.002865576363421563,0.0026461989877451094,0.002898467422859099,0.0031622688164268708,0.004155318674486888,0.003149008454012456,0.004030663079634352,0.0043659599383298895,0.006440572924155173,0.0023517024217593776,0.0033687715087490308,0.003638116109369862,0.0036749719708811836,0.0043938723509591,0.004085794624244539,0.003983581587844277,0.007532147482557104,0.002694833216661167,0.0048244175084145285,0.003705863537724965,0.005259435713332155,0.0027801222952038313,0.003316681449095537,0.0013234212806773377,0.004854157784114078,0.008209431336970602,0.004953436648084619,0.0022019366973657613,0.0032272618498310614,0.0022791426190685578,0.004076320383916663,0.0029733950405757834,0.003978998222127066,0.0017753474427180747,0.002316897817941579,0.0017806661590197709,0.005509801238008209,0.005429352808365797,0.007980421727042086,0.0046039386775163825,0.006300770205885497,0.005119732374042302,0.004507671293527796,0.004482856955919,0.010371141667455976,0.0025660322189543093,0.005390856637781677,0.003124107776597273,0.00439090595002361,0.0017391717052571852,0.0018064226836950555,0.0036361343271138816,0.00349158688915034,0.003285250017526657,0.0025745692484178285,0.003775157942497549,0.0012160562553322548
10,0.10096743523561441,0.016031861144318867,0.1070283180862372,0.10728583572778418,0.005182979205203264,0.002904416321314769,0.0074475426304923195,0.003988410059303553,0.003705249891148042,0.008313181868764464,0.0035661372797515735,0.03898710532348121,0.03910128148197718,0.0022486338242454656,0.020546646618145443,0.0333785092659941,0.024775693657772446,0.005725895714497697,0.0032817114713573252,0.00273494167865744,0.0026242122327829764,0.008326224612505206,0.00569273767548474,0.012371325717444823,0.0051729820902352945,0.011427903353816597,0.008683258127739771,0.015594927843045179,0.015017288774660988,0.0033714529098537007,0.008347179140829502,0.0022609458999555206,0.003377557168683439,0.004640894116495256,0.0027989512509163446,0.002813598101846106,0.0025930667435620463,0.0024155426871420313,0.003832559013726018,0.002312245195636019,0.005407389889197165,0.004698627181138289,0.0007458962783129516,0.004561691053764131,0.0035216566290293154,0.001122438422932419,0.00484861380487783,0.0,0.0,0.0,0.003392031577398995,0.004354092090178832,0.002837597945279192,0.0019484160448532072,0.002856755970327696,0.0019868384730760205,0.007375440223661192,0.003217758337152303,0.006620782920482147,0.005284765123724158,0.003751565103503373,0.0035440911824568115,0.012402336533480596,0.002323881804848324,0.004857809863151407,0.003675422152331471,0.002996300457752623,0.004581226706380961,0.003681114495922289,0.003442636026222737,0.0025875308698072195,0.006895842670088193,0.0035129640186631816,0.0029496021339319458,0.0034058743559856235,0.0032407557282927895,0.002843006585564652,0.003385579165124047,0.004997494465556134,0.0018849478237854573,0.0034862128910720293,0.003595141571535709,0.00437681052639829,0.002260835136692612,0.003524481061875433,0.0030514301566852446,0.003918582346136555,0.002533450225507274,0.00429850614551148,0.004060772377589685,0.0053423611470868985,0.002792823208548102,0.005001589617718983,0.0041373772567978254,0.003708468822351326,0.0053347146450452455,0.0038988818553798783,0.0027430698925762316,0.005174386029071787,0.007525855492993144,0.003935675797206843,0.0018449163197574172,0.0024205793467355534,0.002515016246332537,0.0034031677530124626,0.003092160611686901,0.0037976189114282497,0.0017445215104661418,0.0019354928271834995,0.0016150249010201635,0.00895325811162679,0.006773318534723145,0.006238465973420997,0.004201830381416669,0.008817241422594517,0.0041965970480736985,0.006623971866146956,0.0035456424559111663,0.004536118934873881,0.00239245496372376,0.00312699642254797,0.002745735907840447,0.0046703032459711755,0.001408475196172823,0.0018540042948849416,0.0029677727170846512,0.0022570651902612303,0.0035341639696511665,0.0020346001777150195,0.003509362429101132,0.001925282874196176
11,0.07817381786448006,0.015317443523144767,0.09440072434729728,0.1423150331959734,0.0099092530792226,0.00422948181626212,0.0065222168626350675,0.0036061155382130076,0.0033056054624824903,0.009978803758025633,0.0025097942242008203,0.040257401967453796,0.03181662773937597,0.002551536524670822,0.029566703790805594,0.02506895190214425,0.024516851483137637,0.005344207587746969,0.003480020127226268,0.002787464256689275,0.002210732257672821,0.008328404972629301,0.0027581856551305954,0.014396186594580362,0.006854125587975093,0.013426267855909581,0.010530627428771597,0.0171396960912397,0.01877314875154602,0.003764454365649499,0.005234197248135433,0.002456123231112344,0.002706053977288798,0.004194632542354339,0.0029753623734081126,0.002475090816097238,0.005140690735934793,0.0034288641649408338,0.00401034498790662,0.0010213959887068666,0.0047582215560308325,0.005326685384993332,0.0005610745842812238,0.004286688722465357,0.003560060009556063,0.000834737359270387,0.005223189000569098,0.0,0.0,0.0,0.004203306826114156,0.004852583769354682,0.0035061109703580363,0.0020136499309193123,0.00302517924347259,0.001936297292337168,0.006789505884743756,0.0035198769393826844,0.004217854043134078,0.004442029358049553,0.003188841394440708,0.004042731528184184,0.008463663736322713,0.003154709876041004,0.00450275553626449,0.002809031040045817,0.0035713035522339787,0.0019639330665336065,0.0029303014304053977,0.0033367993040644634,0.003168502655004664,0.004581790966914959,0.003194368494595456,0.0023297326751293666,0.002729458540645514,0.002771983754986252,0.0025889293843692172,0.0035829061056690554,0.006007508702948035,0.002167411021524321,0.0036448222831316087,0.004244198312731168,0.006450279176703999,0.0016975834950286983,0.003153918747377171,0.0029369896536761914,0.0036063163863187127,0.002202736681025658,0.004641575626950031,0.004049709309115137,0.005925977221109882,0.0023738887232762807,0.004959043110570643,0.00415643996570204,0.005581515835333533,0.0035355496766655324,0.004200055583830914,0.0016066372009521971,0.004719677302463901,0.007226336870003124,0.004288957146841462,0.0025124367709655902,0.0023186517080419507,0.0023326348212105445,0.0036850098940144882,0.003418810700493095,0.0041970476321488755,0.0017517457067769456,0.0016401858566471308,0.0018518880101335167,0.008791779414724147,0.005300998999429156,0.011182068969380017,0.005159926175938238,0.006959267677534011,0.004690805244570465,0.00526565565955217,0.004423771824124531,0.005808321700229633,0.0025454003754329297,0.0034481685250715914,0.0026918436967854555,0.004518554227372688,0.0020453320329682067,0.0018922635697186088,0.0031825229286678264,0.0014949292798404111,0.0037425370476631362,0.0016706994468823697,0.00317105329442717,0.001477126180913911
12,0.0825230073416988,0.016938682076296924,0.0924130737360591,0.11107041657533787,0.008909713439760398,0.0036024962553592166,0.008948570152958859,0.003375208831923089,0.0032801453505748247,0.007583185095955033,0.0029579572812897473,0.041430896967031554,0.042545318158344794,0.002311581282021193,0.026593343640671643,0.022307529015428287,0.033825970503585656,0.00612833411794666,0.002673728475476843,0.0035276432610886806,0.0035260817460940853,0.009225765545881311,0.005137832759894857,0.012114635046343287,0.006406964131288051,0.013844011741601976,0.011039009897853258,0.01790316818653894,0.01121768660492978,0.003811542958918837,0.008145950976624055,0.002851970730200655,0.0029982429289876333,0.00933784140797796,0.002972114688048126,0.003145530229639586,0.0032340479919353723,0.0032663812678350606,0.004269022657338344,0.0016153956004803399,0.004019617201196575,0.006144538374228111,0.0007054464232437778,0.002760239887204124,0.0033727010992104646,0.0014888510899806733,0.003986326811122428,0.0,0.0,0.0,0.0036288159476352403,0.00550434376474605,0.0024845575690064944,0.002149805158220299,0.002067165768582737,0.0020409980132694737,0.005792770025290224,0.003950868032200448,0.0048721387762358966,0.00428827194680115,0.0036642121534488114,0.0044444191297834355,0.010568781574296497,0.0038520940738771253,0.003485468511938536,0.0036972033037465423,0.0026435795241130555,0.0023526683305391703,0.0035428599013195058,0.0036303387611419345,0.0031390721196745868,0.007519127844359434,0.0040651958634407345,0.0029288684163488042,0.0027602352207048626,0.0027925492959829635,0.002671779574145709,0.00445194729172332,0.005350297084576652,0.0031732788266454278,0.00329350059306604,0.004234112920804788,0.004243931848900776,0.0020774673067954414,0.003316975871844664,0.003916213492888213,0.002651799352699743,0.0051181146163241775,0.005308879804188878,0.004501560721216986,0.007575780286103601,0.002317064733213474,0.004508214929201192,0.004381192214586119,0.004868345223171507,0.002655759717725138,0.0035121345049199306,0.0028046848876323604,0.004199398537650253,0.006277434588168422,0.00425275610100384,0.0022546171859483656,0.0022128275597912733,0.0027377209166399947,0.004282119551177122,0.0035827885741890582,0.003925949700923126,0.0018444582763552683,0.002376516066717889,0.0015702402255039502,0.008561477385643243,0.005351589266759584,0.012523478391731147,0.004004354388147753,0.005790604627943231,0.00414655799380681,0.006207319268495402,0.003091637562909138,0.006016391179069257,0.0022190070163428544,0.0046990367838083205,0.0028276480457292415,0.003649684707820974,0.0017106033359734348,0.001730402419835312,0.0033985260665881155,0.002114934085345352,0.0034086003460750427,0.002676253751425296,0.0038510923982979332,0.0022168093216990373
13,0.09389142631831876,0.015273456651857413,0.1133552058397692,0.12285242947231256,0.0085655477097992,0.002564541793848859,0.007291921983089677,0.0028129093194425394,0.003618967810620412,0.005865112326631661,0.005943355463139315,0.03553848605493735,0.0317727996605221,0.0017312590174343972,0.03237437609073781,0.030619595258176608,0.014979612807032007,0.005285418599917499,0.0020259388907329346,0.004104522487136744,0.0034149112280306036,0.004359200049965194,0.0036941211063511482,0.012737690597015155,0.006620110935870842,0.014963214872063361,0.009464855266298994,0.018198762042047678,0.01573192887935876,0.002923225927710652,0.007191729529934093,0.002140786251324791,0.003350694795720361,0.0075637940308219895,0.0027884167932197912,0.0032027133015869944,0.002140356420913271,0.0027287336080200368,0.005083854455608238,0.0008142005649699923,0.00396855991396858,0.005159615948843372,0.0005586725517225139,0.003244693177792257,0.0035847355953111102,0.00073563390362108,0.004452681970130936,0.0,0.0,0.0,0.00328519603803142,0.003641836005434726,0.0027618537753137107,0.0018741802617478242,0.0018710491129113576,0.002298805093033887,0.00868225437158131,0.0038196029464125153,0.00528195722088575,0.005021266117608804,0.0027340930878870886,0.0037604238010526705,0.010739613864125915,0.003897302155737695,0.005061754231254027,0.003339636962985627,0.0030636041043123168,0.002650649954951231,0.002709436878881793,0.003939062483208678,0.0034993619748588654,0.0062770407904731915,0.0031519523278543903,0.0022178971482256357,0.0022293232640215534,0.0015934031414709855,0.003389359627887501,0.003614042578326937,0.005181121715901632,0.0033872024777564284,0.005310613604650028,0.0036009677200056346,0.0045302339336632715,0.0020409019548510874,0.0027829256263911984,0.0041199755567963925,0.002432880432166898,0.0031371913172055484,0.005450417658403164,0.003666805351010502,0.008201138360853896,0.003134270772737465,0.005582482918399452,0.003180362842220322,0.006339493405250528,0.00253731697348385,0.0043529067254702266,0.0022821069398217234,0.005193800987961324,0.006126464973239801,0.005930177774506505,0.0019537490743704086,0.0022737880339594578,0.0017364834256665012,0.0034755267153786236,0.002377752141602766,0.003545390644855521,0.0015746988538627264,0.0021700317492874418,0.0016633744349399341,0.00580946618192993,0.005867546026529151,0.0070997889698585885,0.004661443495542919,0.008184501278189172,0.0027163564558012627,0.007900935937053318,0.0044238461176940285,0.004148218355698987,0.0025879321104375005,0.00393934854680129,0.0029479579250909775,0.0031943882885158994,0.002586322891128425,0.0020677702596233294,0.004250168435290803,0.00143608607203065,0.0036628686299529636,0.0010850603269378218,0.0031204344091743438,0.0013462675958921938
14,0.08809590330314503,0.014765542854437945,0.12850022488202031,0.10788330624866437,0.0047225093937307335,0.0030419296374786897,0.007437259380256288,0.002777377231344851,0.0022428901380707657,0.011914873068075255,0.005142231428199567,0.039639600911766826,0.03509065335719982,0.0017914115854055998,0.018605815868218974,0.02724777431244904,0.029566861444951506,0.005083334916950507,0.0026086330674733975,0.0035136181529860106,0.00356961886509667,0.005822568334107079,0.005284227929936877,0.015263743415855027,0.012579034627677206,0.010477347373804293,0.009060189158287976,0.017731475483581696,0.016210842752650712,0.003188359801614112,0.005871483391957803,0.002147868351756163,0.0031638809718603877,0.004771637760219544,0.0023394869270375925,0.0036572041868124104,0.002662263753164707,0.002653908410562235,0.004556785291310111,0.0027516575414890565,0.0037896347333730524,0.004974712283225117,0.0008256667047309083,0.0028692544428879064,0.004208372613767481,0.0010613706193028547,0.0036685275061717104,0.0,0.0,0.0,0.0035888389658088582,0.0033198173967241285,0.0028809778468138793,0.0016143427775370358,0.0022944770109848676,0.0023427132962813555,0.004966940510197719,0.005005235675851527,0.0061005490154806856,0.0035411787315596053,0.004288334085067346,0.004620389935898935,0.01003108874165104,0.003768493737242489,0.004368684834690073,0.002960000776048406,0.003569180782576163,0.00266952309321984,0.002676142729579127,0.0033937095979305575,0.003498112333853886,0.00531553550356265,0.003027713429475447,0.002691577879396715,0.0024639479428477376,0.001945218505809998,0.0024358352320267666,0.0031018603728383766,0.005189270745561156,0.004025921713293443,0.004511395848055719,0.0035612095156898273,0.004607814406468136,0.0019306457250744945,0.0034873173235349685,0.003908600814676524,0.0036471206524129325,0.0022451608830520568,0.005363775706751748,0.004588266381313959,0.006452949734077836,0.002202729789480638,0.004412767920071408,0.0033360922237503894,0.00432700521239269,0.003246398154986166,0.0029344877354057493,0.0018436276124495154,0.003416002202609889,0.007342093568511142,0.005350965624687037,0.0016870855136530537,0.0023874625139942394,0.0019975743783302584,0.0034165063369400814,0.003209775378401734,0.003870766603874538,0.0019567030489735095,0.0022462708517804737,0.0019275427535913297,0.004295235301381216,0.00464255831892744,0.00713817090645481,0.004052157695470984,0.0066364998633212215,0.004300611874003926,0.00622838678375215,0.004348441950323078,0.010210958072085368,0.0030157245226091318,0.005000703494741748,0.002829431090934248,0.005296390408982728,0.0021293172645201423,0.0021014947933434562,0.0030856779410540903,0.0020728478480088646,0.003944873882039907,0.0012851536438342255,0.0038941356395725945,0.0015466266747706998
15,0.08855270040175431,0.01566771883850484,0.1186150794587479,0.13165732030334282,0.006085425328503482,0.0038208978020965747,0.007856382720784488,0.0025842762816519183,0.0034692178636015567,0.008848116499316152,0.005620656703793571,0.040481644579009525,0.031091376080987596,0.0021877395558958872,0.019200841185888176,0.025263823353565296,0.01700008595573441,0.004327718494392387,0.0023936445332236314,0.0025853334931084312,0.002174068463784495,0.004900537235069748,0.0057321833774883636,0.015653289302311246,0.012826920130121305,0.015059007815637557,0.0067579245878501715,0.015000014746278613,0.017632652791209954,0.0035510358100793713,0.00670534552601648,0.0020203145257686127,0.0031044792485128243,0.005189833751197288,0.0026048429650090627,0.002610295006568562,0.0024789956418450475,0.0032025918786351163,0.004424095568119388,0.0015214230164125931,0.004118233815446519,0.004871106509676313,0.000715922458875238,0.003287540865648534,0.005149287240388804,0.0008326871048237682,0.005040790667653971,0.0,0.0,0.0,0.003103525737582562,0.0035769037784735007,0.002613154219773572,0.0012188523035563548,0.0018085117863003417,0.002309479340629116,0.00759292084757389,0.003950114857727491,0.005757127222146404,0.004648279960640793,0.0027871739641840954,0.0035120955281608053,0.00555276623467743,0.004198006320865625,0.004572265378685105,0.003131366415981798,0.0035214572764031217,0.0031615602679916934,0.003170112567855616,0.0036341428234944817,0.0025132576523019395,0.004773064086637443,0.003584196294051576,0.003577195758084711,0.0026497248592216613,0.0017111963514754532,0.002680291231398101,0.0035236273711318623,0.005195207279538465,0.002555164628807831,0.004220118064751719,0.0031901719060438917,0.0053684265434347745,0.0022634918932963647,0.0033398039476526245,0.0029299887362608215,0.004575519317829573,0.0031609019241591076,0.004022311277844119,0.00488359091965936,0.007022455582180455,0.0028776049943828657,0.004169726912602494,0.004929334493178359,0.005170927771760182,0.0038007079761884503,0.0041541899942216295,0.0016386580388221001,0.0052762062779312295,0.006045279142776486,0.005850645394008443,0.0025907147543801664,0.0028986101754383763,0.0018459858576900469,0.0036750451181327306,0.0030916792277739654,0.0036279922475107402,0.0013768283187597934,0.0015963867690883778,0.0014301633963445563,0.008862404211574458,0.006156145784865445,0.0032748464052824023,0.005780186250694775,0.0060165881101531555,0.0045825758486020335,0.010251014218831865,0.0040034324956368895,0.005663785720382047,0.0026907898870937178,0.004615941314184829,0.002943875369988449,0.0040356837373764585,0.0014335243522601885,0.001498139555298653,0.003253842751326569,0.001892798332601524,0.003152668178268325,0.0024005973877394707,0.003451184594617695,0.0019583466894323685
16,0.09943606198591645,0.017346488393462447,0.09376461392336945,0.13438312085953005,0.005977217566022121,0.0037829491518348623,0.010410762610603017,0.0025504913454451523,0.0032980841558782974,0.0031704013272017793,0.003961901317047163,0.035621716126109655,0.032023767855210196,0.002027655087526903,0.028611643998431933,0.02965973576641919,0.013663312419159681,0.005472345735575523,0.0031336085895444176,0.004166225141286886,0.0023266282221730728,0.004875195249768865,0.00440729146031494,0.017669794313319286,0.011629089467661597,0.011413758564164838,0.009821865401475042,0.018440325087551283,0.01154000557147985,0.003286960877851956,0.005528348143861609,0.002492061547185396,0.0036288977384374187,0.006948090669747755,0.002730672943511285,0.0030741398415161303,0.002285011462760306,0.002989539927893532,0.004027626531956368,0.0024080839511086173,0.0037359227575489667,0.004935629541053182,0.0005456093862091122,0.0041879390887109074,0.004068942986313785,0.0006178447303083462,0.00537335341749948,0.0,0.0,0.0,0.0035855239869111034,0.0038221136943417926,0.002420865004190347,0.0016185130716014392,0.0021893252590231634,0.002152289364292501,0.007386393970220236,0.003848928888943171,0.004787804428157909,0.004389080427115253,0.003319244731317373,0.0036981678975243223,0.008497301048565675,0.003118417258179071,0.004050849885829722,0.0034154349577779452,0.0041820858415871805,0.002383522421494517,0.002988372572531381,0.003327429037701481,0.0030579708616828645,0.00519199602218633,0.003889325787562339,0.0025732758117738047,0.0031342626893071505,0.001792627010574374,0.0019007190610698243,0.003998669573916329,0.005383012629460052,0.0028631789072087028,0.0048035271336605906,0.004424272588904226,0.006878519648791321,0.0019657478645868564,0.004099395376335814,0.003854959416689857,0.0034883550019064223,0.0026932715429935396,0.004083712941240419,0.00412110153494685,0.0065616236389387595,0.0028157987169811776,0.0052748116568592214,0.004179115871325585,0.004267229350808905,0.0033814228226949194,0.0039448694530897,0.002335951177456214,0.004183011857063687,0.006147786737409555,0.003305506606629629,0.0021217910339981043,0.0024392279458977676,0.0023225006679030713,0.004202071994347868,0.0026240131449501453,0.003618479801089427,0.0018208604134063496,0.0019231419377452213,0.001848129642510179,0.009855357625736834,0.004485536083444385,0.011414599476490248,0.005242746458924854,0.007021662608799825,0.004504358219856914,0.00540053566645405,0.004298756494034327,0.006790923989400213,0.002747648694488599,0.0034270963756802392,0.003001656515258108,0.0035911789415767003,0.0018343859461918991,0.002219316002993838,0.00278079351848163,0.003140684281947353,0.0033267433266596395,0.001813070965726606,0.0038580279814840403,0.003097278966202986
17,0.07451923240207005,0.014889760237586607,0.1183264779806721,0.11820116720790226,0.010256229255113302,0.0030591853662375185,0.007875823171698397,0.0024534724584834226,0.00294636195332659,0.010157516241530017,0.0041706210529348755,0.04267580330654179,0.036752234546282625,0.0018702072583801274,0.026338938168315226,0.018393243754919564,0.027443592352452337,0.006052605655247286,0.003508706795996182,0.0032880390734942883,0.003728707891130288,0.0060503660060665255,0.003992873229960125,0.010599906450645322,0.007149920572018425,0.015932704834551573,0.004187387818523411,0.01555646388107177,0.021107901906495898,0.0031316148415887206,0.009250975614885014,0.002197462534459973,0.0038241285173203376,0.0066335303456500705,0.0031140689872011518,0.002403327385240972,0.0019474314364876324,0.0027862105720585784,0.003915972006897173,0.001729681573541333,0.004597792759397775,0.004812434049828694,0.0018335408635597363,0.0032456017795567333,0.0034005972295218356,0.0004937632273363984,0.004139902399512897,0.0,0.0,0.0,0.004050115373333313,0.003456005849562753,0.003757533470025859,0.0016489290673442807,0.001882338277883391,0.002164749935023544,0.00593490884018104,0.003551162488251528,0.005379656951590907,0.0037540690036934354,0.0025207124645485147,0.003430497697940148,0.01110066155351349,0.00259163866137809,0.004622438947109651,0.0036243492045649577,0.0033448105849568617,0.003786430375492941,0.0036197067760675343,0.004325317394685033,0.0033280077500813876,0.006895030197770181,0.0034026318200696066,0.002404153143873838,0.0020919659223176913,0.0022689458704381873,0.0020243476495579215,0.0031923145145813635,0.004725073367238357,0.0028731016191542004,0.00463292007831746,0.002750841282221071,0.0043917900265099214,0.0019974562120294447,0.0027338228864865893,0.002912703679728764,0.003413600213283593,0.002915898585198376,0.002963409363619776,0.003275333329393336,0.0066355965920402125,0.0030435521954463862,0.005365569931105406,0.003507003898376322,0.00656506510815693,0.00312122028312232,0.005249206109634371,0.0017173065388995659,0.0060002784280140985,0.005566976599363016,0.003230546364556231,0.002171498564006207,0.0027348344654376357,0.00234960177545894,0.0043538388220808735,0.0031213282725664755,0.004136361042332764,0.0016455904775163936,0.0018643802347077904,0.001776464704795046,0.008623239037052723,0.0036111002292221785,0.007358725583697097,0.006080099276963341,0.0062532302292257255,0.006004699643888757,0.010840257776725567,0.0039636081959609085,0.008001727336390946,0.0031259134092259866,0.0049740589139667885,0.003681534035123684,0.004163466802551265,0.0016395821834721306,0.0017463938834017356,0.004430324485418374,0.0023034593156652096,0.003895616857151688,0.0019061118789548642,0.0038416681397422854,0.0007160949958705155
18,0.08494402882922175,0.014209089067080611,0.10928325935293032,0.11009863908090933,0.004138449812338425,0.003632159978016511,0.007354361841250717,0.0021828536628690563,0.003255756911702744,0.008687430910379202,0.006324838935321768,0.041406092823276675,0.047079421200554715,0.001803377352757996,0.027071970586960474,0.03489335145303555,0.02357102871360726,0.005397919703072288,0.0032821446818856216,0.0042502899193141,0.003568927676398283,0.006717204520319202,0.005320668974657882,0.01278571370362637,0.0069925560467090355,0.012680860208464467,0.009567665911911266,0.017434408738896,0.014785883773630276,0.0038145668868964024,0.005693627760341612,0.0027347793023550756,0.002656069199031068,0.0036501232760778237,0.0029217170346538587,0.002731618634103854,0.0025525905992147212,0.00286832598765623,0.0048198402877709535,0.002128433693450112,0.004910019501409367,0.005155323489754551,0.0005333459562379129,0.0036245524442490625,0.0037485972027115145,0.001777319859987862,0.00339503476952476,0.0,0.0,0.0,0.003747938485406029,0.0041007993768909816,0.002067796153024732,0.0014074923493539984,0.0023999323139121376,0.0026244776673062784,0.006085867503716368,0.004042685737761665,0.005384157195188438,0.00384621557971569,0.002805066637100456,0.0036898551207577225,0.008648526261846246,0.003075384697358634,0.004486120015968943,0.003557866395486395,0.002682125798392877,0.0032511629159412657,0.003185645562353331,0.002609778951522523,0.0031284102633577144,0.006160437138217261,0.0032735544902680112,0.0032311340944389103,0.002989536210553457,0.0022350614982965993,0.002978595631931726,0.002851176638160222,0.004776881646301699,0.002340088066982929,0.0045885514638602295,0.0033605478476432206,0.004213676795650711,0.0022451433656991648,0.003381008670621363,0.0024611897630732165,0.003690261786109112,0.0018452648973038008,0.003912123848863117,0.003521225036702416,0.00796218228368132,0.00224283168797009,0.004754132639013036,0.0037712958288177705,0.00770208623117458,0.0025144147807215317,0.0035036313274000586,0.00223029903473786,0.004629776365769997,0.010168098614548522,0.003360157258034097,0.0023485046979714068,0.0024690484132310676,0.0020770403393549773,0.0038663617703134884,0.0026660174102276476,0.0037934802597702297,0.0017522700121905938,0.0020747070207404734,0.0018672362906568785,0.008709737946699157,0.005868010841259223,0.005235918068402875,0.00421144786233134,0.005613275243394198,0.0036961859167750164,0.008258121275759877,0.0040355543052235845,0.00838335808781969,0.0024517316278902484,0.005874171633648059,0.002849514895772846,0.004388516720385551,0.0013326941891831292,0.0016422500995850553,0.004955807462144437,0.002446127764343747,0.00361138789883303,0.0014112701060429642,0.0043718933758253396,0.0015804482827907593
19,0.10935081449987721,0.01432930336541018,0.09797542509729418,0.1196382217585243,0.008509590877430464,0.003907031336698716,0.008877985015878418,0.003323781328276341,0.003801027840521962,0.007287484744137443,0.004081960017081781,0.0366977924332303,0.03460504596940845,0.0018595717958337667,0.017551186201508962,0.028117713867403128,0.02717943267934956,0.005452766223125201,0.004914506917859461,0.003915317615519479,0.0031447111162402203,0.006553507015574693,0.004533138182040859,0.019516163423226127,0.009852450238871801,0.00933084348962983,0.010052464581680456,0.019116063430613013,0.016163406788802757,0.003464675377445474,0.007076439439321621,0.0022764590629845123,0.003227959191071019,0.004946776978839046,0.002342118965594871,0.0025790520984940155,0.0028178407486401866,0.0023546525762704468,0.004541825526894587,0.001169719176245396,0.004517272324320738,0.005433577813219724,0.0006223082374201407,0.003085233038652796,0.003728185897718266,0.0016045809782314138,0.004637845448594042,0.0,0.0,0.0,0.004057516423700433,0.003854854969953878,0.0027087093830430987,0.0014120428586869595,0.001946058435042793,0.0017865575922827838,0.004355868776439434,0.0029500284847249246,0.005088556995055715,0.005709152616827786,0.0038573205095803692,0.003530054058423446,0.01002909878325213,0.0023666975300092527,0.0035149736855741467,0.0039027932618213045,0.0036119757822725895,0.003027850691764678,0.003889793827285065,0.0035458824533402392,0.0030553156948668783,0.0042382150583096,0.0033647188791788287,0.0027406798954131254,0.002142821998310109,0.002227337685270265,0.0024416441646843414,0.0028660969574003867,0.005713581096390051,0.00143727158549276,0.003986404049135732,0.003935583932910545,0.005776935012291966,0.0025603719728759886,0.003414504475378476,0.00350559338970441,0.0043062795252762085,0.00325644218153523,0.005268048185323698,0.004399580051527744,0.008660964673504887,0.0022719046963155126,0.0034788643932826446,0.0032910605220743214,0.005765105774788874,0.003009876098945291,0.003560834013422505,0.002026088004270828,0.0043931430513387505,0.005943746547706911,0.003257595204541067,0.001959845338198288,0.0019140618072744186,0.0024507793108011367,0.004532775389998908,0.00300432951347037,0.004123981274161546,0.0018441076177226053,0.0017475439305895278,0.001954903704132296,0.004181922328837701,0.004969346068057166,0.006113635743230857,0.004679662783023878,0.006143968226450105,0.005021022587781624,0.008048024029708218,0.0037641663684764236,0.00760244030703689,0.0028579214842765354,0.004111238805101348,0.0030141190591365307,0.0036061723690869146,0.002085761653173457,0.0016405215623783553,0.002814666896537626,0.002666971294752883,0.0031874556323666357,0.0018690812866097107,0.0035400373190556888,0.003041909687016136
20,0.07626349577850557,0.018120861505418837,0.11746541534904115,0.12187055695338628,0.009827486801246368,0.0038388475672094502,0.007492197481531894,0.0025689241159470256,0.005113782741796151,0.009817325183169787,0.006003742511367753,0.04257935372661444,0.03601871943104582,0.00254706489068754,0.027017931401892743,0.02419754024691024,0.014544708866166262,0.007442693060130674,0.002997819938654381,0.003125043334595447,0.0035813244379049457,0.007349002014394427,0.005963144401564997,0.019697866795633685,0.0088729310220427,0.016757180778559054,0.003444647215347689,0.016489236569559758,0.01624906552785,0.00243450058748418,0.007327153551227732,0.002052312669945005,0.0033072723719284993,0.003953416911743498,0.002736242504472321,0.004794872071232783,0.0027394329535399236,0.002289760439682882,0.004414898353415383,0.0010785607254163675,0.00335269102171485,0.005248567344834397,0.0007743581791129259,0.0035841805765801484,0.0034224694221342473,0.0008380612056331959,0.0038683472686405693,0.0,0.0,0.0,0.003767710571069847,0.00460196201336026,0.0028590355283963304,0.0016939960787983386,0.002830518892104645,0.002570753027388265,0.006777914658471137,0.0036223629011781985,0.004677371167916765,0.003195155428073418,0.002995596519750451,0.003598305325083794,0.013453240342322923,0.0038029097873658884,0.004062619946455323,0.0032185703620842446,0.0028180922019817624,0.002123426278702494,0.0030980928172954143,0.0030074370231054463,0.0028225254052730844,0.005009004796114719,0.0032787650775006534,0.0027767923516045664,0.002346696628078781,0.003174767985050222,0.002547339729306472,0.003865367390525072,0.004310859505234493,0.003491521226721242,0.0037136267043752103,0.003691911179872507,0.0044760839783048465,0.0014812014346882655,0.003684565221343723,0.003364029721299798,0.0035743000549893146,0.0033440234401460388,0.003253557033508799,0.005386721508315468,0.006080889540200633,0.00196013843050072,0.005528025430946292,0.003450394573703989,0.005165447804964858,0.002940283771841962,0.0034598061647374443,0.0020765096166348892,0.0036096514181283715,0.008898650007265202,0.0046011108736715035,0.002662538620044468,0.0025206520793422545,0.0027693983431034577,0.0044381828024822705,0.003254881894885792,0.0032472551658810403,0.0020892175242224753,0.0030250638006844525,0.0018755879322748662,0.009858976715218478,0.0040318054957959055,0.004818469218045673,0.00428741057415558,0.006430433150374965,0.0048557701265121754,0.0054043151236826585,0.0038458076441069086,0.005386763034526645,0.002536952916688016,0.004769052946084276,0.0027180845197072607,0.0037421567936749907,0.0017601131685903045,0.0022969083843875945,0.003080607237575211,0.0023399403168801332,0.0033985413165605097,0.0016781393522683798,0.0032111297335391887,0.0020511973860359235
21,0.08525586660885716,0.016554418215915606,0.10820449797271632,0.12139673393993324,0.005935822402734519,0.0019518534213576267,0.00744185673328879,0.003970090870777454,0.0027544820837790284,0.008596109688697135,0.004668561425843028,0.03457751997886325,0.03800073672536486,0.0018555099802385015,0.027614461292904808,0.02515126474526222,0.02451289736637455,0.003950172946998621,0.004058929760054285,0.004283777716174719,0.0027865280949413733,0.006769422145749001,0.0037866793519893667,0.014410747854835083,0.011288523738632691,0.014255612336796081,0.008374491414989643,0.015192024781897523,0.00870155399659013,0.0025936336001737333,0.007092722277763173,0.0024138952693659238,0.0031154573981744225,0.004658597739448181,0.0025688043770547364,0.003789118528268429,0.0024027536704426056,0.0025199092066838934,0.00351221643713403,0.0017544101397341894,0.0038826321446018097,0.005124064553078211,0.0012016223779128877,0.004636442156454305,0.004024318341069784,0.0008721624058013396,0.0037162195378144746,0.0,0.0,0.0,0.0044456008250688545,0.004231132248161543,0.003597674827609956,0.0021255560701144223,0.0019929096352016783,0.0022625409697210525,0.005420834902328526,0.0038520651177091194,0.005101895036866133,0.004762550388094114,0.00387788483534653,0.004524443594477769,0.014026157203534749,0.0033090669407061677,0.005778231373422942,0.0038008410919901352,0.003128255003757081,0.00261705462346743,0.0030176883066176563,0.002843021171764719,0.00307202750394106,0.006715028712093944,0.003630634441010618,0.0029528136691767443,0.0032621530410073506,0.0019278902111014428,0.0021978767978231926,0.005086483576181716,0.004915870220163627,0.002468502517380485,0.00426174987874527,0.004343149017873046,0.00488853649251978,0.0020275137419030354,0.0030758777955345266,0.00283281392814117,0.004528721223460985,0.002376367145787152,0.005204032894308354,0.004118714298295593,0.005804719873892457,0.002411092315028335,0.005433016094359964,0.004298307327322125,0.004243712995567405,0.00306681127537977,0.003716301969912873,0.001959479666866327,0.005137199821592612,0.008277373835642948,0.0036999834504574604,0.002741428725907916,0.002511078387214152,0.0023457669721525494,0.003996575509081897,0.0026967047246684635,0.004100857694160731,0.0014658120634787703,0.002023259701452735,0.0014821187234639798,0.006774902681744588,0.005267267515028242,0.005590556294315329,0.006244188818887209,0.007923463681829149,0.0069021641206351535,0.008962199221925453,0.0033934828673417854,0.005654093468364802,0.0022698340790602823,0.005455145652723449,0.0035866795977743788,0.003385969149564963,0.002184660103194621,0.002408654147782301,0.003076263704351728,0.0024892682392202888,0.00427777477611038,0.0027542265970269823,0.003852681040120941,0.001352634089452166
22,0.08427433170088969,0.01675235607764866,0.1126527955815693,0.13083433992938964,0.005939938169902736,0.0034469828303462023,0.007634404529231817,0.00276487491521526,0.0025188271628596116,0.008520246502713411,0.004087749424911519,0.042439449198980794,0.04609159961567278,0.0017704016092557747,0.02922879129949437,0.024527409045671078,0.023723197360198865,0.004956428103492887,0.0037629652646661094,0.0041461385980074246,0.0028315567112423756,0.005931738919882717,0.0036325325074741855,0.013848894199004059,0.008508585019733748,0.012609418678555206,0.0087045299402294,0.017325170203369093,0.009586839978986019,0.002782232492573904,0.00609778823213329,0.0029438150212369256,0.002950417989555225,0.007329191038725803,0.0025141715888794764,0.0023557885970492427,0.0023173493671174977,0.0026940121701438404,0.0037587188816405074,0.0024632055902914334,0.003913183026648016,0.005460589056988664,0.0005777741536564226,0.0038666463525493617,0.004415276502132571,0.0005314446907169918,0.004744947960178003,0.0,0.0,0.0,0.0032908130097080816,0.004071869037371619,0.0028058126581407728,0.0020401400523591055,0.0017857542360680552,0.0018057459788364304,0.007927832710490714,0.004296177946702362,0.003673431543392519,0.003545995607690866,0.002672083038009728,0.004390338341322588,0.008727894626663424,0.0027282413276628675,0.0046435871000670755,0.0030228769005060767,0.002884190786577678,0.002339807363413795,0.0027651767993772843,0.0029519653881381223,0.0033234750099006023,0.004774160020875069,0.0031430633313282623,0.0023997252672209105,0.0026894638390834546,0.0017157612736234684,0.0019997637607760553,0.003691333518427934,0.005643756991034838,0.0028136158736032603,0.005299907920540355,0.004424248700076457,0.004052411145104648,0.0020300504574249176,0.002766517539346877,0.002593819134957878,0.003559937500194665,0.0025184214930339577,0.0028227472210661437,0.0045433146452334375,0.0075157045999119446,0.003306467142103338,0.005347594692970429,0.004075084017758657,0.004298476873812775,0.002915241014247288,0.003996303420481915,0.0015670314326125315,0.004620274699139568,0.007097937049792728,0.0038859040130228596,0.0027108478239708084,0.002100067702818857,0.0023499443942940896,0.0042403464563136,0.003621244289474129,0.0036394346004790163,0.0017939068769365482,0.0019511851863871308,0.001729541272663139,0.009075928005536247,0.004176700206348849,0.005896019084544387,0.0037231735273539623,0.007012537567869626,0.004353977542924784,0.007609422612963835,0.0032914375874436826,0.0053097186202395365,0.0024422714999676777,0.004262504985480753,0.002732084290461133,0.0034280574885503794,0.001807967172323414,0.002023292369449945,0.004216387639988846,0.002264063318174388,0.004033489461147345,0.0014784195028424657,0.002699964848175299,0.0014557702228577669
23,0.07266289646876017,0.01572263389168438,0.11135024540698354,0.11477176079405953,0.005056627931894133,0.0029569391437750305,0.007389540242941168,0.00417090047296122,0.0029318274621286037,0.009077814270773052,0.005182368726975236,0.04518002668483799,0.030742263002678714,0.0019920080177824617,0.028548196838091604,0.030878590882847137,0.0371196381059105,0.004112870081431294,0.003146065942363113,0.0031466590896123948,0.0034667871171977084,0.005788762289664069,0.004278533476476568,0.01619419071724095,0.007863208243900641,0.016845873111234186,0.010523148370380764,0.016543946047135126,0.009788698890212062,0.003469707270454853,0.006871639637880716,0.002220227744088872,0.0032667910842882775,0.00582434247791628,0.0026581653528071803,0.002816861125556271,0.002296685877089529,0.002313649422057324,0.00399086361806524,0.003567581640628249,0.0049601300555651255,0.004973407171104563,0.0006592322787492492,0.0035339000793123583,0.004110566924732719,0.0006859093757613039,0.005951544221909653,0.0,0.0,0.0,0.0031875607911431426,0.004007233684473959,0.0026331175229881466,0.0018766294225357858,0.00177953019719603,0.002346359553137685,0.006749895095106053,0.005443374471419939,0.005115564850580713,0.005291469364896122,0.0026976427569158023,0.003909492572153357,0.006862909060112126,0.003958625068124107,0.004146483695385717,0.00435812328698438,0.0034663219813540875,0.0028715673627877436,0.0034582614694782746,0.0027508932262283463,0.003267125754736874,0.004756752323402093,0.0031183318784408615,0.0021463243506840636,0.0021954967458310826,0.0028277382276666522,0.0021371986562197785,0.0035683315809951865,0.005076036193854533,0.0023107243093450514,0.004211883785791463,0.00358982491436247,0.004151061445438672,0.001760814458426243,0.003914136277675999,0.0033582211538029177,0.0041470412873874625,0.0032781313264275964,0.0035123760991291352,0.0038704987785859357,0.006264498808360399,0.002289446534202303,0.004390696037927463,0.0044072904894266705,0.004162160929582227,0.0028321918974708927,0.004081925591569847,0.00215875256987757,0.004734366524691323,0.006652022263071056,0.003266293171286896,0.0027722666355424496,0.0022225599073591785,0.0030835289733170805,0.0030495173832109997,0.0029059811858442646,0.003405679273472835,0.0017333675441954122,0.001848220405287204,0.0017258263110924246,0.007923016270903017,0.0048631656673238065,0.006089346698942599,0.004055743045094245,0.0078056050446078055,0.00436712005316869,0.01245168331028831,0.0036291430585728497,0.007703877106367587,0.0027283104131076534,0.005936206196855782,0.0026811418846085884,0.0054525894087655595,0.0018712758727588974,0.00207806989341492,0.004064219525706316,0.002059277282206857,0.0035246140785347357,0.001524013354015502,0.003370248176238706,0.00212140916062236
24,0.08517292615379088,0.012111538891317464,0.11130866465281614,0.12653304595155532,0.006318800015769495,0.0024243032663221254,0.00825519411736022,0.003380934205992137,0.0025422416627819628,0.00630576257959666,0.0024604244663719026,0.03736865272157801,0.03821567112276926,0.00214270745994476,0.024862264293118122,0.024242662550907047,0.022639704850822954,0.00569989384668295,0.0044879368348089,0.004547233198889681,0.0027175379319563956,0.0048299240945807115,0.005079593332315445,0.020099880240957536,0.009384335941254434,0.01216083992695106,0.00919190852937617,0.016699050788421602,0.010921126859630927,0.003168283379369036,0.0067300935353752514,0.0023846483258328503,0.0028981630355670997,0.0061410195436366055,0.002614850034088678,0.0034762034812182607,0.002170987108488681,0.0028300316606880123,0.00440721402809726,0.0020515023576412553,0.004649327580181712,0.005338698203658386,0.0008310235490735305,0.004618600494740598,0.0036985961000605395,0.001276102882808401,0.004557041749401802,0.0,0.0,0.0,0.003464645608610777,0.0037821107327040567,0.00241344771068619,0.0019507561725840227,0.002353978136202971,0.002112698766885672,0.00712288439608448,0.003754607067686369,0.005383726446402618,0.005273054850336482,0.002904573760236581,0.0036080232691882014,0.009831615969479394,0.003197178240209421,0.004595150535032945,0.0033721506510008582,0.0028026535202754737,0.003524729212017691,0.0031746345614119998,0.0036979146107811427,0.0030403656292628234,0.0044221017569773275,0.0037763791142766804,0.00321762713012143,0.0025074359365605038,0.002557411364669649,0.002408712746965188,0.003602374089658738,0.005310690992782694,0.002344734860428007,0.004206464433817246,0.0035304227080044247,0.005116854883961257,0.0024463971822795767,0.003265859020549755,0.003204780449157475,0.00415869492255784,0.0024290331922855045,0.0033768162428344205,0.004659523264873556,0.008214927605660016,0.002391648667411063,0.004915557247084148,0.003321245280496465,0.003949730164167588,0.002675713215559664,0.004578001984822086,0.001967385127890764,0.0054420206234398385,0.009308739819944399,0.003876807398369106,0.0022918225822845463,0.0031053596426858445,0.002385968120932599,0.004225518448799187,0.003341041373711417,0.0033636022614923146,0.001545348094222508,0.002068683504479478,0.001887260351279962,0.006561979874290157,0.0049968470567758145,0.00778223779951538,0.004464278173991216,0.00700014544595018,0.004449111681211237,0.0060676685061374965,0.005789932847103651,0.006744733589165659,0.0020605190890260294,0.006255363410297484,0.0029139864409720067,0.004119566098626827,0.0019769367642521567,0.0015652989222172667,0.0034083075847964623,0.0021157525823819285,0.004044946603503287,0.002147448200389868,0.004004145900112024,0.00282405023614119
25,0.08005703589834731,0.01767295337954293,0.1230315579405061,0.11349812315328141,0.006312782217300143,0.0031561162253315217,0.005084327950022041,0.0030254437750650448,0.003669275910076044,0.00803107723003548,0.003160112214804966,0.04243487935692002,0.03977413118732886,0.0024643284310261935,0.02733508268235763,0.029282676599377423,0.029253027455140135,0.0037626467808526192,0.0031821001060289723,0.004519491330794903,0.0032313673932837035,0.007471568149724339,0.005021523448758841,0.012683450418855208,0.007274763249699838,0.010705013402671392,0.009283592692686143,0.01066555262002924,0.01613666737287214,0.003329504243564846,0.0076800988707444425,0.002146595032058408,0.0031194278857122316,0.005652908069841323,0.0031354764450803353,0.0027621199095937752,0.002234363224752992,0.002184530967231259,0.0037447449119308533,0.0021372868913223228,0.004102033061343302,0.0042433492754455696,0.0008914377759142815,0.0041393803293348005,0.0042182240343372,0.0008776422742513547,0.00487792798433362,0.0,0.0,0.0,0.0034450547463011744,0.003808904004540669,0.002754082298817058,0.001574361006311008,0.0021385665008218356,0.0019287310114650116,0.005807303286321206,0.0026488442269349214,0.0038334682640052036,0.003494234114933936,0.0036903664963852862,0.003906381466154707,0.007014165671601867,0.00266469274994118,0.004709042261226165,0.0027379479006480745,0.0040239240196527325,0.0022493742788057772,0.00320029648615524,0.0030908794314128034,0.0024224680768971003,0.006660441780947309,0.0034359671690081905,0.0026267403789596126,0.0027438016018002543,0.0018585521723427539,0.002222336560464411,0.003067909687357482,0.0051327303403147576,0.002110156713422966,0.005181423194223244,0.004862240544641166,0.005672671246061331,0.002444055665927479,0.003801994863113102,0.0038640865581702484,0.003986584358212978,0.0030942874171043387,0.004448353495443662,0.004494201942013862,0.006818073090032355,0.0022226847477483467,0.0055281131432887865,0.0033306048622462076,0.005924008052413557,0.0029546743745250703,0.003948680145782101,0.002334490485119312,0.004654704644344151,0.007857540051851943,0.0035143129949334684,0.0021424391483690726,0.0019281903987933367,0.002849102147669859,0.003755378837945002,0.002501625095652838,0.003982938783423839,0.0018611442328041285,0.0020415299045948077,0.002042330833514171,0.008089204450236795,0.004983007315832131,0.008679964437332661,0.0052761635034150175,0.009073458595912852,0.0043546928328208325,0.006627405920579382,0.0030955357691983916,0.005997842112712863,0.002644210154666868,0.006015537793261645,0.0027422758347587393,0.0044601033025612104,0.0016707491364373079,0.0018953970721090313,0.0031774271667951246,0.0030612381961231468,0.0038150599203687604,0.001249274782305648,0.0034744134172573203,0.0019151285618863353
